title,firm,genre,num_of_reviews,price,stars,description_lenght,PEGI
Roblox,Roblox Corporation,Przygodowe,22813303,Zainstaluj,4.4,1678,7
≈öwiat Ma≈Çej Pandy,BabyBus,Edukacyjne,262463,Zainstaluj,4.3,2907,3
Zombie Catchers üßü,Deca Games,Akcja,1834617,Zainstaluj,4.4,3106,7
Paint By Number - Darmowa kolorowanka i ≈Çamig≈Ç√≥wka,Better Life - Color and Draw,Planszowe,1369704,Zainstaluj,4.6,2627,3
Tomb of the Mask,Playgendary Limited,Akcja,1645379,Zainstaluj,4.4,858,3
Ma≈Ça Panda: Makija≈º ksiƒô≈ºniczki,BabyBus,Edukacyjne,101095,Zainstaluj,4.2,2376,3
Candy Crush Saga,King,Rekreacyjne,31737005,Zainstaluj,4.6,4691,3
Candy Crush Soda Saga,King,Rekreacyjne,8137432,Zainstaluj,4.5,6022,3
Farm Heroes Saga,King,Rekreacyjne,9189486,Zainstaluj,4.6,5160,3
World of Tanks Blitz darmowa online 3D MMO gra,Wargaming Group,Strategie,3741674,Zainstaluj,4.2,2307,7
Homescapes,Playrix,Rekreacyjne,10310143,Zainstaluj,4.3,3530,3
Football Strike - Multiplayer Soccer,Miniclip.com,Sport,1981935,Zainstaluj,4.4,2799,3
Gry samochodowe dla dzieci - budowa domu myjnia,GoKids!,Edukacyjne,159617,Zainstaluj,4.0,3515,3
Talking Tom Hero Dash - Run Game,Outfit7 Limited,Akcja,1032984,Zainstaluj,4.3,7319,7
Fishdom,Playrix,≈Åamig≈Ç√≥wki,4977735,Zainstaluj,4.3,2815,3
Gardenscapes,Playrix,Rekreacyjne,10835341,Zainstaluj,4.3,2704,3
Worms Zone .io ‚Äì ≈ªar≈Çoczny wƒÖ≈º,CASUAL AZUR GAMES,Akcja,2195951,Zainstaluj,4.3,1336,3
Zooba: Free-for-all Zoo Combat Battle Royale Games,Wildlife Studios,Akcja,906232,Zainstaluj,4.1,1270,3
Jed≈∫my! ‚Äî Autobus szkolny Baby Pandy,BabyBus,Edukacyjne,167628,Zainstaluj,4.3,2051,3
Kick the Buddy,Playgendary,Akcja,3291684,Zainstaluj,4.1,1606,12
Tank Stars,Playgendary Limited,Zrƒôczno≈õciowe,1523591,Zainstaluj,4.1,820,7
Carrom Pool: Disc Game,Miniclip.com,Sport,3361952,Zainstaluj,4.2,2233,3
Family Island ‚Äî przygodowa gra rolna,Melsoft Games Ltd,Rekreacyjne,656414,Zainstaluj,4.3,1719,3
Roblox,Roblox Corporation,Przygodowe,22813310,Zainstaluj,4.4,1678,7
≈öwiat Ma≈Çej Pandy,BabyBus,Edukacyjne,262464,Zainstaluj,4.3,2907,3
Zombie Catchers üßü,Deca Games,Akcja,1834618,Zainstaluj,4.4,3106,7
Paint By Number - Darmowa kolorowanka i ≈Çamig≈Ç√≥wka,Better Life - Color and Draw,Planszowe,1369718,Zainstaluj,4.6,2627,3
Tomb of the Mask,Playgendary Limited,Akcja,1645379,Zainstaluj,4.4,858,3
Farm Heroes Saga,King,Rekreacyjne,9189486,Zainstaluj,4.6,5160,3
Candy Crush Soda Saga,King,Rekreacyjne,8137413,Zainstaluj,4.5,6022,3
Candy Crush Saga,King,Rekreacyjne,31737019,Zainstaluj,4.6,4691,3
Football Strike - Multiplayer Soccer,Miniclip.com,Sport,1981958,Zainstaluj,4.4,2799,3
Homescapes,Playrix,Rekreacyjne,10310157,Zainstaluj,4.3,3530,3
Worms Zone .io ‚Äì ≈ªar≈Çoczny wƒÖ≈º,CASUAL AZUR GAMES,Akcja,2195961,Zainstaluj,4.3,1336,3
Fishdom,Playrix,≈Åamig≈Ç√≥wki,4977735,Zainstaluj,4.3,2815,3
Gardenscapes,Playrix,Rekreacyjne,10835338,Zainstaluj,4.3,2704,3
Carrom Pool: Disc Game,Miniclip.com,Sport,3361952,Zainstaluj,4.2,2233,3
RAID: Shadow Legends,Plarium Global Ltd,Fabularne,1410343,Zainstaluj,4.2,6170,12
King of Avalon: Dominacja,Century Games Limited,Strategie,964709,Zainstaluj,4.3,2004,7
Pok√©mon GO,"Niantic, Inc.",Przygodowe,14654386,Zainstaluj,4.1,3145,7
Clockmaker: Match 3 Games! Three in Row Puzzles,BELKA GAMES,≈Åamig≈Ç√≥wki,360240,Zainstaluj,4.2,3031,3
Trials of Mana,"SQUARE ENIX Co.,Ltd.",Fabularne,147,"Kup za 114,99¬†z≈Ç",4.4,6950,12
Brawl Stars,Supercell,Akcja,18710970,Zainstaluj,4.3,3528,7
My Talking Angela 2,Outfit7 Limited,Rekreacyjne,87965,Zainstaluj,4.6,6660,3
Zombie Shooting Game: Zombie Hunter D-Day,Clegames Inc.,Akcja,41819,Zainstaluj,4.3,2499,12
Hungry Shark World,Ubisoft Entertainment,Zrƒôczno≈õciowe,1899901,Zainstaluj,4.5,6154,12
King's Choice,ONEMT,Fabularne,8551,Zainstaluj,4.5,1745,12
Metal Soldiers 3,Play365,Akcja,845,Zainstaluj,4.3,962,12
PickCrafter - Kilof Craft Gra,Fiveamp,Symulacyjne,352741,Zainstaluj,4.4,2290,3
Forge of Empires,InnoGames GmbH,Strategie,991054,Zainstaluj,4.4,1440,3
League of Legends: Wild Rift,"Riot Games, Inc",Strategie,1385980,Zainstaluj,4.2,1911,12
FRAG Pro Shooter,Oh BiBi,Akcja,1201735,Zainstaluj,4.4,3981,12
Empire Warriors: Tower Defense TD Strategy Games,ZITGA,Strategie,117230,Zainstaluj,4.5,2935,7
DRAGON BALL Z DOKKAN BATTLE,BANDAI NAMCO Entertainment Inc.,Akcja,1085870,Zainstaluj,4.4,7503,12
Kingdom: The Blood Pledge,Efun Game Ltd.,Fabularne,7532,Zainstaluj,3.6,5091,16
Magic: The Gathering Arena,Wizards of the Coast LLC,Karciane,40408,Zainstaluj,4.4,3073,12
Clash of Kings : Newly Presented Knight System,Elex Wireless,Strategie,2318125,Zainstaluj,4.1,3149,12
MARVEL Strike Force: Squad RPG,Scopely,Fabularne,566923,Zainstaluj,3.9,2835,12
Dino Bash - Dinosaurs v Cavemen Tower Defense Wars,Tilting Point,Strategie,104118,Zainstaluj,4.6,3049,3
Ping Pong Fury,Yakuto,Sport,16587,Zainstaluj,4.4,2711,3
Shadow Fight Arena ‚Äî PvP Fighting game,Nekki - Action and Fighting Games,Fabularne,526776,Zainstaluj,4.5,7113,12
Lords Mobile: Tower Defense,IGG.COM,Strategie,6798039,Zainstaluj,4.3,2071,7
Boxing Star,FourThirtyThree Inc.,Sport,751375,Zainstaluj,4.4,3146,7
Home Design Star : Decorate & Vote,CookApps,Symulacyjne,18620,Zainstaluj,4.3,4710,3
Tetris¬Æ,N3TWORK Inc.,≈Åamig≈Ç√≥wki,86098,Zainstaluj,4.0,4357,3
Galaxy Attack: Alien Shooter,OneSoft Global PTE. LTD.,Zrƒôczno≈õciowe,2019893,Zainstaluj,4.5,2267,7
Top Eleven 2021: Mened≈ºer Pi≈Çkarski,Nordeus,Sport,4837242,Zainstaluj,4.6,3721,3
Kim Kardashian: Hollywood,Glu,Przygodowe,1098044,Zainstaluj,4.3,7570,12
Legends of Runeterra,"Riot Games, Inc",Karciane,496005,Zainstaluj,4.6,3377,7
Aotu World - Hatsune Miku Crossover Event,GaeaMobile,Strategie,3674,Zainstaluj,4.3,6761,12
Game of Sultans,"Mechanist Internet Technologies Co., Ltd.",Fabularne,572155,Zainstaluj,4.5,2416,7
Looney Tunes‚Ñ¢ World of Mayhem - Action RPG,Scopely,Fabularne,277054,Zainstaluj,4.3,5589,7
Dragon Cape Przygoda,Century Games Pte. Ltd.,Symulacyjne,221476,Zainstaluj,4.8,1158,3
Unholy Adventure: gra przygodowa point and click,Dali Games: adventure games,Przygodowe,6005,Zainstaluj,4.8,2516,7
Love Live! School idol festival - Gra Rytmiczna,KLab,Muzyka,168183,Zainstaluj,4.3,2125,3
A BITE OF TOWN,DOCOOL LIMITED,Symulacyjne,4053,Zainstaluj,4.5,6956,3
WinWing: Space Shooter,IVYGAMES,Zrƒôczno≈õciowe,36412,Zainstaluj,4.4,4324,3
The Elder Scrolls: Blades,Bethesda Softworks LLC,Fabularne,106650,Zainstaluj,4.0,1201,16
Sniper Arena: shooter PvP,Nordcurrent,Akcja,482116,Zainstaluj,4.1,1572,16
Penny & Flo: Finding Home,Tactile Games,≈Åamig≈Ç√≥wki,182310,Zainstaluj,4.6,3114,3
Solitaire Grand Harvest - Free Tripeaks Solitaire,Supertreat - A Playtika Studio,Karciane,936673,Zainstaluj,4.6,2970,3
Brawl Stars,Supercell,Akcja,18711025,Zainstaluj,4.3,3528,7
Toca Life World: Build stories & create your world,Toca Boca,Edukacyjne,2021613,Zainstaluj,4.4,5754,3
Among Us,Innersloth LLC,Akcja,12226192,Zainstaluj,3.6,731,7
Call of Duty¬Æ: Mobile - Season 5: In Deep Water,"Activision Publishing, Inc.",Akcja,13771412,Zainstaluj,4.4,5948,16
Dream League Soccer 2021,First Touch Games Ltd.,Sport,3479066,Zainstaluj,4.4,5789,3
Harry Potter: Hogwarts Mystery,"Jam City, Inc.",Przygodowe,2304128,Zainstaluj,4.5,3587,7
Mini Football,Miniclip.com,Sport,345916,Zainstaluj,4.2,3999,3
AFK Arena,LilithGames,Fabularne,3172705,Zainstaluj,4.6,687,7
Guardian Tales,Kakao Games Corp.,Fabularne,397916,Zainstaluj,4.6,4933,7
Garena Free Fire - Rampage,GARENA INTERNATIONAL I PRIVATE LIMITED,Akcja,91107851,Zainstaluj,4.2,3191,12
RFS - Real Flight Simulator,RORTOS,Symulacyjne,110611,"Kup za 2,99¬†z≈Ç",4.2,8263,3
Idle Police Tycoon - Cops Game,Codigames,Symulacyjne,150378,Zainstaluj,4.4,5438,3
Battle Night: Cyberpunk-Idle RPG,FT Games,Fabularne,54757,Zainstaluj,4.4,3065,12
Harry Potter: Zagadki i magia,Zynga,≈Åamig≈Ç√≥wki,594995,Zainstaluj,4.7,3555,3
Art of War: Legions,Fastone Games HK,Strategie,795789,Zainstaluj,4.4,2410,3
Archero,Habby,Akcja,1563896,Zainstaluj,4.3,2092,7
Ninja‚Äôs Creed: 3D Sniper Shooting Assassin Game,707 INTERACTIVE: Fun Epic Casual Games,Akcja,303851,Zainstaluj,4.4,3552,16
Atlantis Odyssey,VIZOR APPS LTD.,Symulacyjne,103230,Zainstaluj,4.5,688,3
MythWars & Puzzles: RPG Match 3,KARMA GAME,Fabularne,150242,Zainstaluj,4.3,1551,7
Stardew Valley,Chucklefish Limited,Fabularne,96123,"Kup za 21,99¬†z≈Ç",4.7,4858,12
Game Dev Tycoon,Greenheart Games,Symulacyjne,97458,"Kup za 23,99¬†z≈Ç",4.8,1666,3
Idle Arks: Build at Sea,BHome,Rekreacyjne,876981,Zainstaluj,4.3,4576,3
Monopoly - Board game classic about real-estate!,Marmalade Game Studio,Planszowe,71470,"Kup za 19,99¬†z≈Ç",4.3,7434,3
Hunting Clash: Gra my≈õliwska. Symulator polowania,Ten Square Games,Symulacyjne,159476,Zainstaluj,4.5,3950,16
Human: Fall Flat,505 Games Srl,≈Åamig≈Ç√≥wki,18935,"Kup za 28,99¬†z≈Ç",4.2,1741,3
The Seven Deadly Sins: Grand Cross,Netmarble,Fabularne,505514,Zainstaluj,4.3,4699,12
Zooba: Free-for-all Zoo Combat Battle Royale Games,Wildlife Studios,Akcja,906233,Zainstaluj,4.1,1270,3
State of Survival: The Walking Dead Collaboration,KingsGroup Holdings,Strategie,1878278,Zainstaluj,4.4,1760,12
Solitaire Cruise: Classic Tripeaks Cards Games,BELKA GAMES,Karciane,117268,Zainstaluj,4.3,4027,3
Manor Matters,Playrix,Przygodowe,429432,Zainstaluj,4.4,1988,7
Rise of Empires: Ice and Fire,Long Tech Network Limited,Strategie,1082739,Zainstaluj,4.7,4002,12
Zombie Idle Defense,ONESOFT,Zrƒôczno≈õciowe,227555,Zainstaluj,4.4,2630,12
F1 Clash,Hutch Games,Wy≈õcigi,581402,Zainstaluj,4.1,3812,3
Train Station 2: Symulator Strategii Kolejowej,Pixel Federation Games,Strategie,329297,Zainstaluj,4.5,2817,3
GRID‚Ñ¢ Autosport,Feral Interactive,Wy≈õcigi,12959,"Kup za 47,99¬†z≈Ç",4.4,5795,3
Top War: Battle Game,Topwar Studio,Strategie,459422,Zainstaluj,4.4,867,7
Idle Courier Tycoon - Manager Firmy 3D,Century Games Pte. Ltd.,Rekreacyjne,109308,Zainstaluj,4.4,1143,3
Bloons TD 6,ninja kiwi,Strategie,238854,"Kup za 23,99¬†z≈Ç",4.8,5681,3
Frontier Justice - Powr√≥t na Dziki Zach√≥d,ONEMT,Strategie,48393,Zainstaluj,4.2,2184,16
RAID: Shadow Legends,Plarium Global Ltd,Fabularne,1410343,Zainstaluj,4.2,6170,12
PUBG MOBILE 1.5: IGNITION,PROXIMA BETA,Akcja,38079863,Zainstaluj,4.3,5106,16
Genshin Impact,miHoYo Limited,Przygodowe,1771247,Zainstaluj,4.6,6179,12
Grand Hotel Mania - Hotel Games. Idle Hotel Tycoon,DeusCraft,Przygodowe,124396,Zainstaluj,4.3,3907,3
9 Months,Green Panda Games,Symulacyjne,268594,Zainstaluj,4.4,1789,3
Lily‚Äôs Garden,Tactile Games,≈Åamig≈Ç√≥wki,1098902,Zainstaluj,4.6,6976,3
Kitten Match,Strategy Gamez,≈Åamig≈Ç√≥wki,389219,Zainstaluj,4.7,2026,3
Family Island ‚Äî przygodowa gra rolna,Melsoft Games Ltd,Rekreacyjne,656412,Zainstaluj,4.3,1719,3
Bullet Echo,ZeptoLab,Fabularne,273468,Zainstaluj,4.3,2185,12
Matchington Mansion,"Magic Tavern, Inc.",≈Åamig≈Ç√≥wki,1987272,Zainstaluj,4.4,3366,3
Puzzles & Survival,37GAMES,Strategie,150177,Zainstaluj,4.3,1631,12
Lep's World,nerByte GmbH,Zrƒôczno≈õciowe,1098998,Zainstaluj,4.4,3738,12
Mekorama,Martin Magni,≈Åamig≈Ç√≥wki,379884,Zainstaluj,4.3,361,3
Warcaby,Chess & Checkers Games,Planszowe,966399,Zainstaluj,4.4,3717,7
Pou,Zakeh Ltd,Rekreacyjne,11559199,Zainstaluj,4.3,523,3
Labirynty i wiƒôcej,Leo De Sol Games,≈Åamig≈Ç√≥wki,616971,Zainstaluj,4.2,2307,3
Flow Free,Big Duck Games LLC,≈Åamig≈Ç√≥wki,1465907,Zainstaluj,4.4,1516,3
Szachy,Chess Prince,Planszowe,1613302,Zainstaluj,4.3,1987,3
Air Hockey Wyzwanie,mobirix,Sport,162718,Zainstaluj,4.1,631,3
sand:box,SmellyMoo,Rekreacyjne,424240,Zainstaluj,4.4,626,3
Sky Fighters 3D,Doodle Mobile Ltd.,Akcja,363960,Zainstaluj,4.3,1266,7
Green Farm 3,Gameloft SE,Rekreacyjne,930358,Zainstaluj,4.1,3516,3
Pool Billiards Pro,TerranDroid,Sport,1479256,Zainstaluj,4.3,3798,12
Word Search,Quarzo Apps,S≈Çowne,163865,Zainstaluj,4.2,2248,3
Little Big City 2,Gameloft SE,Rekreacyjne,444175,Zainstaluj,4.0,3648,3
Exploration Lite Craft,CanaryDroid,Akcja,335611,Zainstaluj,4.0,1608,7
Dr. Driving,SUD Inc.,Wy≈õcigi,6107775,Zainstaluj,4.2,272,12
Candy Bomb,Cosmo Game,Rekreacyjne,10413,Zainstaluj,4.0,1823,3
Nonstop Balls,ThinkCube Inc.,Zrƒôczno≈õciowe,30829,Zainstaluj,3.5,1007,12
My Talking Tom Friends,Outfit7 Limited,Rekreacyjne,2052873,Zainstaluj,4.3,5887,3
Cooking Fever,Nordcurrent,Zrƒôczno≈õciowe,4608451,Zainstaluj,4.3,1398,3
Nitro Nation Drag & Drift Car Racing Game,Creative Mobile Games,Wy≈õcigi,1526953,Zainstaluj,4.5,5882,3
Bullet Echo,ZeptoLab,Fabularne,273466,Zainstaluj,4.3,2185,12
Bowling Crew ‚Äî 3D bowling game,Wargaming Group,Sport,247696,Zainstaluj,4.4,4191,3
Westland Survival ‚Äì przetrwaj na Dzikim Zachodzie,Helio Games,Przygodowe,351237,Zainstaluj,4.4,3904,16
Top Eleven 2021: Mened≈ºer Pi≈Çkarski,Nordeus,Sport,4837264,Zainstaluj,4.6,3721,3
Tacticool ‚Äì strzelanka 5 na 5,Panzerdog,Akcja,490824,Zainstaluj,4.6,1590,16
Golden Farm,P.D. PLAYGENES INTERNATIONAL LIMITED,Rekreacyjne,108584,Zainstaluj,4.3,2287,3
Hero Wars ‚Äì Hero Fantasy Multiplayer Battles,NEXTERS GLOBAL LTD,Fabularne,1402330,Zainstaluj,4.6,4545,12
Grand Hotel Mania - Hotel Games. Idle Hotel Tycoon,DeusCraft,Przygodowe,124396,Zainstaluj,4.3,3907,3
Dawn of Zombies: Przetrwanie Zombie Online,Royal Ark. We craft best action games every day,Akcja,244189,Zainstaluj,4.4,3033,12
Diggy's Adventure: Zagadki i Ucieczka z Labiryntu,Pixel Federation Games,Przygodowe,491327,Zainstaluj,4.4,3932,3
Cradle of the Egyptian Empire - Match 3 in a Row,Awem Games Limited,≈Åamig≈Ç√≥wki,215910,Zainstaluj,4.4,3469,3
Harvest Land: Farm & City Building,MysteryTag,Rekreacyjne,391066,Zainstaluj,4.3,1334,3
Solitaire Cruise: Classic Tripeaks Cards Games,BELKA GAMES,Karciane,117268,Zainstaluj,4.3,4027,3
Contra Returns,PROXIMA BETA,Akcja,0,n/a,0.0,3385,12
MARVEL Future Revolution,Netmarble,Fabularne,0,n/a,0.0,3862,12
PUBG: NEW STATE,"KRAFTON, Inc.",Akcja,0,n/a,0.0,4126,16
LOST in Blue (Global),Volcano Force,Przygodowe,0,n/a,0.0,1916,16
Diablo Immortal,"Blizzard Entertainment, Inc.",Fabularne,0,n/a,0.0,3494,12
The Fifth Ark,YOUZU(SINGAPORE)PTE.LTD.,Fabularne,0,n/a,0.0,2481,12
Disney Wonderful Worlds,Ludia Inc.,Symulacyjne,0,n/a,0.0,3561,3
Idle Legions,YOUZU(SINGAPORE)PTE.LTD.,Strategie,0,n/a,0.0,1813,12
Mafia Crime War,ONEMT,Fabularne,0,n/a,0.0,6066,18
Ride Out Heroes,NetEase Games,Akcja,0,n/a,0.0,4293,12
Survival: Day Zero,ONEMT,Strategie,0,n/a,0.0,3681,12
Card Guardians: Deck Building Roguelike Card Game,Tapps Games - PT,Strategie,0,n/a,0.0,3036,3
NBA NOW 21,Com2uS,Sport,0,n/a,0.0,4196,3
Coin Dragon Master - AFK Slot RPG,Ratatat Studios Inc.,Fabularne,0,n/a,0.0,5921,12
NieR Re[in]carnation,"SQUARE ENIX Co.,Ltd.",Fabularne,0,n/a,0.0,3459,18
Tears of Themis,miHoYo Limited,Symulacyjne,0,n/a,0.0,4218,3
My Friend Pedro,DevolverDigital,Akcja,0,n/a,0.0,1164,7
Neko Dungeon: Puzzle RPG,Gilp,Fabularne,0,n/a,0.0,1643,7
Wheel of Fortune: Words of Fortune,Sony Pictures Television,S≈Çowne,0,n/a,0.0,6573,3
Legendino: Dinosaur Battle,Super Planet,Przygodowe,0,n/a,0.0,3758,3
World Flipper,Kakao Games Corp.,Akcja,0,n/a,0.0,3065,3
Starlit Kart Racing,Rockhead Games,Wy≈õcigi,0,n/a,0.0,1931,3
BATTLESHIP APOLLO,Parallel Space Inc,Strategie,0,n/a,0.0,3955,3
Âè§Èè°Ë®òÔºàTales of the MirrorÔºâ,LilithGames,≈Åamig≈Ç√≥wki,0,n/a,0.0,1748,12
Fabryka ciastek dla chomik√≥w - gra potentat√≥w,"mafgames (Idle Games, Tycoon Games)",Symulacyjne,0,n/a,0.0,853,3
KonoSuba: Fantastic Days,NEXON Company,Fabularne,0,n/a,0.0,8153,12
My Time at Portia,Nuverse,Symulacyjne,0,n/a,0.0,3731,7
Drop Battle : 1v1 PVP,SUPERBOX.INC,≈Åamig≈Ç√≥wki,0,n/a,0.0,1581,3
Pocket Dungeon,X-Land,Symulacyjne,0,n/a,0.0,2020,7
PAW Patrol Rescue World,Budge Studios,Rekreacyjne,0,n/a,0.0,6091,3
Metal Revolution,YOUZU(SINGAPORE)PTE.LTD.,Zrƒôczno≈õciowe,0,n/a,0.0,3540,12
Doomsday: Last Survivors,SkyRise Digital Pte. Ltd.,Strategie,0,n/a,0.0,3106,12
Cave Shooter,EYOUGAME(USS),Przygodowe,0,n/a,0.0,5053,12
EZ Knight,LTGAMES GLOBAL,Fabularne,0,n/a,0.0,3331,12
Modern Dead,ONEMT,Strategie,0,n/a,0.0,5708,12
Mystic Gunner: Roguelike Shooting Action Adventure,"Buff Studio (Story Games, Calm Games)",Akcja,0,n/a,0.0,7270,7
Hello Kitty - Merge Town,FunCraft Games,≈Åamig≈Ç√≥wki,0,n/a,0.0,3113,3
Í∑∏Î¶ºÏûê Í∏∞ÏÇ¨Îã® : Î∞©ÏπòÌòï RPG Í≤åÏûÑ,CookApps,Fabularne,0,n/a,0.0,2174,3
Northgard,Playdigious,Strategie,0,n/a,0.0,3122,7
Ïú†ÎØ∏Ïùò ÏÑ∏Ìè¨Îì§ Îçî ÌçºÏ¶ê,LICO Corp.,Rekreacyjne,0,n/a,0.0,1100,3
Legions War: Art of Strategy,DIVMOB,Strategie,0,n/a,0.0,226,3
DRAGON QUEST The Adventure of Dai: A Hero's Bonds,"SQUARE ENIX Co.,Ltd.",Fabularne,0,n/a,0.0,7706,7
Sky Warriors: Blazing Clouds,Wildlife Studios,Akcja,0,n/a,0.0,825,7
SCOPA ClubDelGioco - Gioco di Carte Online Gratis,MegaJogos,Karciane,0,n/a,0.0,2066,3
Jackal Squad - Tank Hero & Pixel World War,OneSoft Global PTE. LTD.,Przygodowe,0,n/a,0.0,2614,3
Love Fantasy: Romance Episode,Games Hub Hong Kong Limited,Symulacyjne,0,n/a,0.0,3324,18
Haydos 380,Creative Monkey Games,Sport,0,n/a,0.0,413,3
Grow Archer Chaser - Idle RPG,SUPERBOX.INC,Symulacyjne,0,n/a,0.0,1176,3
Miasteczko Ma≈Çej Pandy: ≈ªycie,BabyBus,Edukacyjne,75420,Zainstaluj,4.2,2363,3
≈öwiat Ma≈Çej Pandy,BabyBus,Edukacyjne,262463,Zainstaluj,4.3,2907,3
Dom zabaw dla dzieci Ma≈Çej Pandy,BabyBus,Edukacyjne,12172,Zainstaluj,4.1,2323,3
Candy Crush Friends Saga,King,Rekreacyjne,1704818,Zainstaluj,4.6,5190,3
Ma≈Ça Panda: Opieka nad zwierzƒôtami,BabyBus,Edukacyjne,21315,Zainstaluj,4.1,2363,3
Pet Rescue Saga,King,Rekreacyjne,3474438,Zainstaluj,4.6,3754,3
Talking Tom Hero Dash - Run Game,Outfit7 Limited,Akcja,1032987,Zainstaluj,4.3,7319,7
Gry dla ma≈Çych dzieci w wieku 2 i 3 lat,IDZ Digital Private Limited,Edukacyjne,12904,Zainstaluj,3.9,2184,3
Wy≈õnione miasto ma≈Çej pandy,BabyBus,Edukacyjne,48877,Zainstaluj,4.1,1876,3
Lody i smoothie,BabyBus,Edukacyjne,146134,Zainstaluj,4.3,1258,3
Ma≈Ça Panda: Opieka nad dinozaurami,BabyBus,Edukacyjne,9948,Zainstaluj,4.2,1977,3
Galeria handlowa Ma≈Çej Pandy,BabyBus,Edukacyjne,43870,Zainstaluj,4.3,2415,3
Fabryka lod√≥w na patyku,BabyBus,Edukacyjne,97109,Zainstaluj,4.4,1013,3
Farma dla dzieci Baby Pandy,BabyBus,Edukacyjne,88817,Zainstaluj,4.4,2013,3
Bezpiecze≈Ñstwo Baby Pandy ‚Äì wskaz√≥wki,BabyBus,Edukacyjne,35770,Zainstaluj,4.2,2497,3
Chi≈Ñskie przepisy,BabyBus,Edukacyjne,135875,Zainstaluj,4.3,2070,3
Jed≈∫my! ‚Äî Autobus szkolny Baby Pandy,BabyBus,Edukacyjne,167632,Zainstaluj,4.3,2051,3
Baby Panda's Vacation,BabyBus,Edukacyjne,37144,Zainstaluj,4.2,2233,3
Miasteczko Ma≈Çej Pandy: Moje marzenie,BabyBus,Edukacyjne,55882,Zainstaluj,4.3,2055,3
Kwiatowe Zr√≥b to sam z Ma≈ÇƒÖ PandƒÖ,BabyBus,Edukacyjne,26380,Zainstaluj,4.3,2280,3
Kick the Buddy,Playgendary,Akcja,3291686,Zainstaluj,4.1,1606,12
Bezpiecze≈Ñstwo po≈ºarowe Ma≈Çej Pandy,BabyBus,Edukacyjne,22056,Zainstaluj,4.1,2508,3
Opieka nad Baby PandƒÖ,BabyBus,Edukacyjne,165449,Zainstaluj,4.2,1263,3
SpongeBob: Krusty Cook-Off,Tilting Point,Rekreacyjne,279440,Zainstaluj,4.0,6579,3
Gra w bitwƒô heros√≥w Ma≈Çej Pandy,BabyBus,Edukacyjne,24925,Zainstaluj,4.2,1649,3
Crash Bandicoot: On the Run!,King,Akcja,789725,Zainstaluj,4.3,7980,3
Salon dla zwierzƒÖt Ma≈Çej Pandy,BabyBus,Edukacyjne,47655,Zainstaluj,4.2,2480,3
Ma≈Çy Kapitan Pandy,BabyBus,Edukacyjne,28783,Zainstaluj,4.1,1252,3
Robotyczna kuchnia Ma≈Çej Pandy ‚Äî dla dzieci,BabyBus,Edukacyjne,57044,Zainstaluj,4.2,2163,3
Applaydu ‚Äì oficjalna gra dla dzieci od Kinder,Ferrero Trading Lux S.A.,Edukacyjne,37945,Zainstaluj,4.3,3737,3
Zombie Catchers üßü,Deca Games,Akcja,1834618,Zainstaluj,4.4,3106,7
Paint By Number - Darmowa kolorowanka i ≈Çamig≈Ç√≥wka,Better Life - Color and Draw,Planszowe,1369718,Zainstaluj,4.6,2627,3
Kuchenne Szale≈Ñstwo ‚Äì Gra o Kuchni Szefa,ZenLife Games,Zrƒôczno≈õciowe,2174598,Zainstaluj,4.6,2276,12
≈öwiat Ma≈Çej Pandy,BabyBus,Edukacyjne,262463,Zainstaluj,4.3,2907,3
Candy Crush Saga,King,Rekreacyjne,31737011,Zainstaluj,4.6,4691,3
Candy Crush Soda Saga,King,Rekreacyjne,8137431,Zainstaluj,4.5,6022,3
Farm Heroes Saga,King,Rekreacyjne,9189486,Zainstaluj,4.6,5160,3
Ma≈Ça Panda: Makija≈º ksiƒô≈ºniczki,BabyBus,Edukacyjne,101097,Zainstaluj,4.2,2376,3
Best Fiends ‚Äî darmowa gra logiczna,Seriously Digital Entertainment Ltd.,Rekreacyjne,2122284,Zainstaluj,4.6,1162,3
Homescapes,Playrix,Rekreacyjne,10310149,Zainstaluj,4.3,3530,3
Gry samochodowe dla dzieci - budowa domu myjnia,GoKids!,Edukacyjne,159617,Zainstaluj,4.0,3515,3
Gardenscapes,Playrix,Rekreacyjne,10835339,Zainstaluj,4.3,2704,3
Fishdom,Playrix,≈Åamig≈Ç√≥wki,4977735,Zainstaluj,4.3,2815,3
Worms Zone .io ‚Äì ≈ªar≈Çoczny wƒÖ≈º,CASUAL AZUR GAMES,Akcja,2195961,Zainstaluj,4.3,1336,3
Football Strike - Multiplayer Soccer,Miniclip.com,Sport,1981958,Zainstaluj,4.4,2799,3
Tomb of the Mask,Playgendary Limited,Akcja,1645382,Zainstaluj,4.4,858,3
Talking Tom Hero Dash - Run Game,Outfit7 Limited,Akcja,1032987,Zainstaluj,4.3,7319,7
Zooba: Free-for-all Zoo Combat Battle Royale Games,Wildlife Studios,Akcja,906236,Zainstaluj,4.1,1270,3
Kick the Buddy,Playgendary,Akcja,3291697,Zainstaluj,4.1,1606,12
Jed≈∫my! ‚Äî Autobus szkolny Baby Pandy,BabyBus,Edukacyjne,167628,Zainstaluj,4.3,2051,3
Tank Stars,Playgendary Limited,Zrƒôczno≈õciowe,1523590,Zainstaluj,4.1,820,7
Carrom Pool: Disc Game,Miniclip.com,Sport,3361952,Zainstaluj,4.2,2233,3
Zombie Catchers üßü,Deca Games,Akcja,1834619,Zainstaluj,4.4,3106,7
Paint By Number - Darmowa kolorowanka i ≈Çamig≈Ç√≥wka,Better Life - Color and Draw,Planszowe,1369717,Zainstaluj,4.6,2627,3
≈öwiat Ma≈Çej Pandy,BabyBus,Edukacyjne,262463,Zainstaluj,4.3,2907,3
Kuchenne Szale≈Ñstwo ‚Äì Gra o Kuchni Szefa,ZenLife Games,Zrƒôczno≈õciowe,2174615,Zainstaluj,4.6,2276,12
Ma≈Ça Panda: Makija≈º ksiƒô≈ºniczki,BabyBus,Edukacyjne,101095,Zainstaluj,4.2,2376,3
Football Strike - Multiplayer Soccer,Miniclip.com,Sport,1981993,Zainstaluj,4.4,2799,3
World of Tanks Blitz darmowa online 3D MMO gra,Wargaming Group,Strategie,3741680,Zainstaluj,4.2,2307,7
Tank Stars,Playgendary Limited,Zrƒôczno≈õciowe,1523591,Zainstaluj,4.1,820,7
Jed≈∫my! ‚Äî Autobus szkolny Baby Pandy,BabyBus,Edukacyjne,167630,Zainstaluj,4.3,2051,3
Kick the Buddy,Playgendary,Akcja,3291686,Zainstaluj,4.1,1606,12
Family Island ‚Äî przygodowa gra rolna,Melsoft Games Ltd,Rekreacyjne,656414,Zainstaluj,4.3,1719,3
Board Kings‚Ñ¢Ô∏è - Gry Planszowe,Jelly Button Games,Rekreacyjne,638645,Zainstaluj,4.4,2841,3
Fishdom,Playrix,≈Åamig≈Ç√≥wki,4977735,Zainstaluj,4.3,2815,3
Zombie Catchers üßü,Deca Games,Akcja,1834617,Zainstaluj,4.4,3106,7
Paint By Number - Darmowa kolorowanka i ≈Çamig≈Ç√≥wka,Better Life - Color and Draw,Planszowe,1369717,Zainstaluj,4.6,2627,3
Roblox,Roblox Corporation,Przygodowe,22813209,Zainstaluj,4.4,1678,7
≈öwiat Ma≈Çej Pandy,BabyBus,Edukacyjne,262463,Zainstaluj,4.3,2907,3
Kuchenne Szale≈Ñstwo ‚Äì Gra o Kuchni Szefa,ZenLife Games,Zrƒôczno≈õciowe,2174615,Zainstaluj,4.6,2276,12
Farm Heroes Saga,King,Rekreacyjne,9189483,Zainstaluj,4.6,5160,3
Candy Crush Soda Saga,King,Rekreacyjne,8137433,Zainstaluj,4.5,6022,3
Candy Crush Saga,King,Rekreacyjne,31737084,Zainstaluj,4.6,4691,3
Ma≈Ça Panda: Makija≈º ksiƒô≈ºniczki,BabyBus,Edukacyjne,101095,Zainstaluj,4.2,2376,3
Tomb of the Mask,Playgendary Limited,Akcja,1645382,Zainstaluj,4.4,858,3
Gry samochodowe dla dzieci - budowa domu myjnia,GoKids!,Edukacyjne,159617,Zainstaluj,4.0,3515,3
Best Fiends ‚Äî darmowa gra logiczna,Seriously Digital Entertainment Ltd.,Rekreacyjne,2122282,Zainstaluj,4.6,1162,3
Worms Zone .io ‚Äì ≈ªar≈Çoczny wƒÖ≈º,CASUAL AZUR GAMES,Akcja,2195961,Zainstaluj,4.3,1336,3
Tank Stars,Playgendary Limited,Zrƒôczno≈õciowe,1523590,Zainstaluj,4.1,820,7
Talking Tom Hero Dash - Run Game,Outfit7 Limited,Akcja,1032993,Zainstaluj,4.3,7319,7
World of Tanks Blitz darmowa online 3D MMO gra,Wargaming Group,Strategie,3741671,Zainstaluj,4.2,2307,7
Jed≈∫my! ‚Äî Autobus szkolny Baby Pandy,BabyBus,Edukacyjne,167628,Zainstaluj,4.3,2051,3
Homescapes,Playrix,Rekreacyjne,10310165,Zainstaluj,4.3,3530,3
Kick the Buddy,Playgendary,Akcja,3291702,Zainstaluj,4.1,1606,12
Gardenscapes,Playrix,Rekreacyjne,10835339,Zainstaluj,4.3,2704,3
Family Island ‚Äî przygodowa gra rolna,Melsoft Games Ltd,Rekreacyjne,656427,Zainstaluj,4.3,1719,3
Zooba: Free-for-all Zoo Combat Battle Royale Games,Wildlife Studios,Akcja,906236,Zainstaluj,4.1,1270,3
Board Kings‚Ñ¢Ô∏è - Gry Planszowe,Jelly Button Games,Rekreacyjne,638645,Zainstaluj,4.4,2841,3
Fishdom,Playrix,≈Åamig≈Ç√≥wki,4977744,Zainstaluj,4.3,2815,3
Roblox,Roblox Corporation,Przygodowe,22813320,Zainstaluj,4.4,1678,7
Brain Test 2: Historie & Zagadki logiczne,Unico Studio,Quizy,904833,Zainstaluj,4.6,1749,7
Duskwood - Gra kryminalno-detektywistyczna,Everbyte,Fabularne,252812,Zainstaluj,4.5,3268,16
Tomb of the Mask,Playgendary Limited,Akcja,1645393,Zainstaluj,4.4,858,3
Paint By Number - Darmowa kolorowanka i ≈Çamig≈Ç√≥wka,Better Life - Color and Draw,Planszowe,1369718,Zainstaluj,4.6,2627,3
